catchment_id,outfall_arc,PB,RMSE,NSE,KGE,R2
GB106039029830,node_9699-to-node_9700,-864.6930301,1.26861629,-171.5257806,-9.071363285,0.421672894
GB106039023290,node_6878-to-node_6879,-1611.155052,2.182648198,-135.6495983,-15.13646075,0.638454015
GB106039017800,node_14619-to-node_14620,-735.3279662,0.645833528,-62.16716423,-7.937720346,0.630677318
GB106039017730,node_14694-to-node_14695,-1035.353463,1.138961331,-45.22503549,-10.12305124,0.656934853
GB103023075780,node_352-to-node_353,-1470.731394,1.146429783,-37.64550321,-13.77641437,0.430543093
GB104028057780,node_2695-to-node_2696,-470.8060027,1.516501167,-25.94947055,-4.216334788,0.344440061
GB108044010120,node_10916-to-node_10917,-463.8348841,1.015253676,-22.58994773,-4.412090452,0.616216837
GB108044009800,node_8102-to-node_8103,-204.65793,0.561350491,-18.31759081,-2.423613619,0.790675631
GB105033037680,node_5518-to-node_5519,-333.3698125,0.100387685,-10.19507519,-2.559801934,0.292598201
GB106039023600,node_10853-to-node_10854,-82.11315315,0.193681531,-9.46520307,-1.603756888,0.485837311
GB106038033460,node_12903-to-node_12904,-77.43629713,0.140525931,-7.740889229,-1.383189455,0.437486384
GB110065054010,node_17216-to-node_17217,-418.5100375,6.207261338,-6.943158097,-3.212567554,0.351154437
GB106038033410,node_12901-to-node_12902,-547.2840341,0.512403455,-6.360653513,-4.494985002,0.480143225
GB104027064190,node_4145-to-node_4146,-308.7677716,0.670118176,-6.299863615,-2.194296197,0.409186747
GB106039029900,node_9510-to-node_9511,-114.6021952,0.272815492,-5.628361023,-0.976537782,0.49636823
GB106039029920,node_9527-to-node_9525,-87.91045564,0.710010564,-5.004133013,-0.854633716,0.492477112
GB106040024222,node_11564-to-node_11415,-149.0847833,1.537042922,-4.961626579,-1.129793606,0.705396607
GB107042022610,node_10578-to-node_10579,68.7510139,1.21816524,-4.513309445,0.288919334,0.68305078
GB106039023890,node_9997-to-node_9998,-110.7752545,0.458783668,-4.158244893,-0.738416405,0.369412888
GB106038027940,node_11664-to-node_11665,-278.3111122,1.057435131,-3.460257448,-1.793702452,0.6640742
GB106039029870,node_9502-to-node_9501,-60.44944045,0.515229222,-3.296188587,-0.462814613,0.487026579
GB108044009700,node_11275-to-node_11276,-103.0866673,0.303538542,-2.768376633,-0.534836386,0.758896388
GB106038033270,node_12904-to-node_11819,-19.1610451,0.41843724,-2.337696921,-0.486371107,0.624866022
GB106039023880,node_9998-to-node_9994,21.49598055,0.569504998,-2.193235682,-0.23307858,0.450184467
GB106039023250,node_7339-to-node_7340,-146.0451548,0.499776913,-2.015545967,-0.695548706,0.656140462
GB109054044790,node_19189-to-node_19190,-205.1240367,1.327646899,-1.988187353,-1.08714427,0.395094776
GB107040073310,node_11094-to-node_11095,-42.21337138,0.467136221,-1.987631327,-0.235869631,0.513389584
GB106039023610,node_10643-to-node_10644,-25.8386977,0.050547805,-1.626021347,-0.09466844,0.382677323
GB105033047880,node_11151-to-node_8410,91.54244973,2.457356694,-1.441328994,-0.314785053,0.446746908
GB107101006250,node_9209-to-node_9210,-132.4471983,0.205745179,-1.321322842,-0.430273159,0.705194423
GB106040024150,node_11559-to-node_11560,-117.6944449,0.644546367,-1.241783235,-0.266708455,0.433851862
GB106039023210,node_7789-to-node_7790,-55.10820762,0.225744207,-1.073880133,-0.06265315,0.584088019
GB106040018210,node_8523-to-node_8524,-110.431026,0.32834542,-0.996004804,-0.277237151,0.52649103
GB106039017330,node_11864-to-node_11865,83.76151863,2.495222998,-0.934711018,-0.176878956,0.56426767
GB109054050141,node_15323-to-node_15331,82.24089007,0.6248422,-0.896661617,-0.185761605,0.417321481
GB105033038170,node_6290-to-node_6285,86.13104189,3.415722732,-0.859773535,-0.266337261,0.401946421
GB106039017840,node_14822-to-node_14821,-15.61952433,0.326701307,-0.856887907,-0.016948076,0.654711489
GB105032050290,node_6623-to-node_6621,81.03044422,0.881882406,-0.84688885,-0.14449046,0.360737613
GB109056032980,node_20076-to-node_20077,94.02858978,2.908941758,-0.786132177,-0.368757837,0.535351575
GB106039017630,node_14823-to-node_14824,84.07013239,9.259536517,-0.742924415,-0.225327823,0.582322795
GB112069061420,node_16758-to-node_16757,89.48137527,4.451135368,-0.664820763,-0.339061941,0.395805319
GB107042016370,node_8159-to-node_8160,-162.101978,0.430627474,-0.618315279,-0.684559373,0.617827553
GB105033038080,node_14346-to-node_14347,65.5192956,0.070829446,-0.615595379,0.054062861,0.229343049
GB106040018560,node_12993-to-node_12994,-114.3157028,0.21101366,-0.605900309,-0.253964323,0.253461556
GB104028058130,node_7161-to-node_7162,53.18261782,0.192866125,-0.58871425,0.433639745,0.649246269
GB105033042710,node_7417-to-node_7418,54.04619466,0.097011155,-0.583465749,0.319432893,0.365010242
GB106039023350,node_6904-to-node_6905,-15.87515522,0.101160915,-0.542124179,0.254737657,0.457888259
GB105033038020,node_14286-to-node_14287,68.57849855,0.137824933,-0.528654505,-0.136512887,0.242739732
GB109054055090,node_14245-to-node_14246,84.20707992,2.178440087,-0.506778623,-0.262314474,0.345908061
GB105033043190,node_6485-to-node_6320,75.7934569,1.945680755,-0.502098691,-0.086328614,0.47027576
GB112068060470,node_15866-to-node_5319,83.91505887,8.024464409,-0.482963508,-0.285056545,0.381882442
GB104027063173,node_3260-to-node_3259,95.78736607,5.882698424,-0.469861713,-0.398387669,0.467221551
GB103024077570,node_1375-to-node_1370,98.12390732,26.91097383,-0.458013048,-0.460042785,0.318515287
GB106039023160,node_12439-to-node_7079,73.37077986,5.598909051,-0.451679493,-0.041328505,0.554058495
GB105033037700,node_6281-to-node_5520,57.82562351,0.477030512,-0.417313238,0.272238288,0.543557639
GB105034055750,node_3685-to-node_3686,4.176069191,0.202215236,-0.398123617,0.149254858,0.650240063
GB106039029860,node_9511-to-node_9509,8.885411582,0.495794194,-0.397116232,0.244587177,0.557789839
GB105033037590,node_7024-to-node_7025,77.56412162,0.884146094,-0.375843902,-0.158028271,0.388455259
GB104028047220,node_4298-to-node_3162,82.2587924,1.641310066,-0.375302385,-0.267404179,0.351488099
GB112069064600,node_13650-to-node_13651,81.25272985,6.860535437,-0.366665766,-0.231041356,0.586868591
GB109054050260,node_15312-to-node_2888,72.35612353,1.253970779,-0.35455419,-0.03399885,0.455112305
GB109054050200,node_15439-to-node_15440,68.49711341,1.11669188,-0.344945926,0.005438706,0.422754755
GB104027062550,node_5161-to-node_5160,93.39750209,8.273968527,-0.325651352,-0.365962011,0.554229918
GB105033047923,node_14145-to-node_10700,78.71195876,15.26927385,-0.304848053,-0.234495271,0.332145457
GB106039030470,node_9840-to-node_9841,70.5659466,0.898789528,-0.30249728,0.008602565,0.719272637
GB106039023330,node_6890-to-node_6891,78.85644883,1.84028276,-0.298222437,-0.150839203,0.561956894
GB108047007731,node_13192-to-node_13189,77.86094495,7.305415174,-0.29709637,-0.205712842,0.561100018
GB105030051590,node_6599-to-node_6600,70.51215283,0.249416009,-0.292254965,0.026556212,0.516522314
GB106039017500,node_11618-to-node_11599,78.09442861,0.910274276,-0.275123675,-0.137807581,0.620782926
GB104028058100,node_7938-to-node_6812,70.72892193,1.669069312,-0.274335427,-0.008188106,0.530115096
GB108048007640,node_3651-to-node_3652,1.65760119,0.444177744,-0.265434218,0.383542764,0.147710273
GB110058026332,node_18969-to-node_18970,71.73166166,3.179301334,-0.263725113,-0.162260171,0.496340817
GB103025071880,node_1447-to-node_1448,91.11251518,3.638475241,-0.263461019,-0.38730044,0.29355333
GB106038033240,node_11820-to-node_11779,77.36255754,3.688194099,-0.262813513,-0.139926209,0.546539299
GB106039023300,node_6887-to-node_6882,-24.89477824,0.535243293,-0.262347348,0.201990099,0.685935707
GB109054032470,node_4279-to-node_4278,62.91916791,2.280228406,-0.239014678,0.095443143,0.713844558
GB108052021390,node_11689-to-node_20526,73.64145884,1.285838687,-0.225752411,-0.093356524,0.673453842
GB105030056780,node_6830-to-node_6509,75.36082421,2.435963394,-0.222986591,-0.105505329,0.45353428
GB109055042270,node_19034-to-node_19035,81.97220765,13.47822235,-0.221189583,-0.273599263,0.42772339
GB108050019990,node_9338-to-node_9339,70.9680239,3.048957323,-0.214358985,-0.133155754,0.554976833
GB105033047620,node_6513-to-node_6514,40.54264336,0.284549416,-0.210375944,0.505679539,0.667516315
GB112068060390,node_14976-to-node_13512,76.22383196,2.920037172,-0.202390776,-0.228209231,0.360629124
GB105036040941,node_8952-to-node_8949,82.89229814,4.033920438,-0.201121809,-0.315636395,0.272867539
GB105036040980,node_8966-to-node_8964,76.28466337,1.025300852,-0.198461468,-0.293509802,0.131127289
GB104028052960,node_4266-to-node_4265,46.91841846,0.387936481,-0.198380584,0.486708934,0.697376944
GB104027063790,node_4610-to-node_3905,98.1592696,37.34218143,-0.197239711,-0.498874406,0.202480765
GB105031050500,node_6912-to-node_6908,64.25166102,0.209935607,-0.196266482,0.196716575,0.54129825
GB106039023730,node_5530-to-node_5531,86.0495045,2.323307627,-0.183543392,-0.298591797,0.392192117
GB109055042280,node_17503-to-node_17502,72.05767858,10.08943447,-0.161899187,-0.199540612,0.345260505
GB105037033840,node_12949-to-node_12946,90.07783483,2.856072203,-0.157509193,-0.372981901,0.34764224
GB104028052480,node_3024-to-node_3025,75.28034479,2.541719423,-0.150354598,-0.151491804,0.475340985
GB104027069530,node_4333-to-node_4334,96.14917996,15.45605502,-0.144859934,-0.48452992,0.192335443
GB109054049630,node_16328-to-node_16329,80.77885221,2.722077609,-0.144516507,-0.231857965,0.477226773
GB109053027610,node_5424-to-node_5421,74.36279508,1.623915545,-0.142089467,-0.124385743,0.508952614
GB107042022780,node_10699-to-node_10660,40.79736604,0.910364656,-0.139180945,0.524265388,0.73114476
GB108051020560,node_11639-to-node_11640,69.69404489,1.104270553,-0.137818257,-0.089730055,0.522798937
GB103024072711,node_645-to-node_646,76.13912953,1.960044276,-0.13307404,-0.229577407,0.347749737
GB105033043100,node_6208-to-node_6209,71.56601628,0.779080635,-0.130125438,-0.166029107,0.23146903
GB104027057301,node_2908-to-node_2851,84.27439858,1.086900602,-0.127078149,-0.295264257,0.419207474
GB108052015321,node_11138-to-node_11136,81.95900809,2.424747277,-0.11177962,-0.271150353,0.408741398
GB105033037610,node_14355-to-node_7307,74.43687508,1.478011819,-0.111023803,-0.131172613,0.487350064
GB107042016310,node_8144-to-node_8145,-116.0101255,0.571046753,-0.091319888,-0.177275432,0.643683044
GB104027068470,node_2476-to-node_2477,70.53571774,1.256011435,-0.084910954,-0.191744026,0.281939429
GB105030056750,node_7027-to-node_7028,76.70259803,0.263763907,-0.082475,-0.231454869,0.222440783
GB108043022470,node_9133-to-node_9134,62.73381374,2.434950369,-0.08139607,0.118603244,0.681956566
GB105032045340,node_6690-to-node_6691,75.49024776,0.978897854,-0.078103978,-0.150496167,0.43007855
GB104027069260,node_5232-to-node_5230,76.34441564,2.041307685,-0.068770046,-0.220041694,0.38970159
GB108052021183,node_12276-to-node_11521,71.72698982,2.969121043,-0.066660449,-0.156789221,0.416792305
GB103025076080,node_2776-to-node_2723,43.78594888,2.794585296,-0.063783892,0.042913675,0.230124773
GB104029061870,node_7764-to-node_6255,79.39629063,1.569156252,-0.057995061,-0.300037627,0.23465742
GB105031055510,node_7281-to-node_7282,-39.4409658,0.226226928,-0.055049418,0.312841566,0.197845008
GB105033030520,node_6114-to-node_3554,68.20212423,1.338786634,-0.053877376,-0.150627087,0.38862812
GB106039029750,node_10622-to-node_10003,61.13391275,0.912645457,-0.048420971,0.078037606,0.430139488
GB108052015681,node_12188-to-node_12189,74.25018531,4.366110299,-0.043229668,-0.18557073,0.444706473
GB105037028741,node_12867-to-node_12868,-149.2059189,0.090645647,-0.020841106,-0.509043231,0.603527452
GB109054044110,node_14067-to-node_573,79.85870652,2.257813106,-0.020159736,-0.352464588,0.174575275
GB109053027770,node_14047-to-node_14042,86.24103981,4.086796882,-0.019511827,-0.382939322,0.262114216
GB109054039350,node_14590-to-node_14591,74.67604295,1.92784814,-0.010760424,-0.269744867,0.238256365
GB108043022390,node_9808-to-node_9807,-53.02632257,0.887733971,-0.004495083,0.289637906,0.641646778
GB106037028200,node_12430-to-node_9686,85.27134673,4.520774972,-0.003184566,-0.370887739,0.255425685
GB109057027140,node_17757-to-node_17758,62.26134806,6.866112498,-0.002972581,-0.094351332,0.498584072
GB106039030440,node_10900-to-node_10771,58.15334975,3.027759493,-0.002474188,0.17443128,0.592446719
GB104027057710,node_2854-to-node_3350,66.78203003,1.165209783,0.006200613,-0.100650478,0.500490348
GB105037041260,node_12379-to-node_12374,74.49702758,0.858540025,0.007269919,-0.264910932,0.249307607
GB104027068780,node_4183-to-node_4184,79.51106368,1.62765906,0.011714819,-0.367534765,0.164574211
GB105033043270,node_7329-to-node_6327,74.07526015,1.551122225,0.012344495,-0.270272135,0.221138262
GB106039023860,node_9991-to-node_9992,76.34698475,1.183501702,0.013211007,-0.264744862,0.285336653
GB105036040930,node_7518-to-node_7514,66.03658913,1.821838454,0.015378506,-0.19110474,0.22151259
GB108044009580,node_9273-to-node_9277,62.33576199,0.758301873,0.016487599,0.018796583,0.538130458
GB105030062220,node_7799-to-node_5986,67.14093768,0.522485497,0.021549711,-0.158629804,0.22965318
GB110066059930,node_20127-to-node_17269,52.9980613,0.527883735,0.024351488,0.256908301,0.642662509
GB104028052891,node_4126-to-node_4124,55.35798559,4.325305554,0.031478089,-0.010493551,0.446369126
GB106039017170,node_11855-to-node_11340,56.56895343,0.7748363,0.033091774,0.11457119,0.542640869
GB104027064120,node_2094-to-node_2091,-3.184079991,0.938245667,0.033971576,0.18058683,0.096358519
GB107042016670,node_6429-to-node_6428,-13.42271116,0.43212914,0.040055848,0.317015637,0.728781206
GB103024077552,node_827-to-node_828,66.32050858,2.804065232,0.042211287,-0.141966789,0.39845817
GB105036040970,node_9058-to-node_8960,63.9483008,0.922654772,0.042428861,-0.142599546,0.255418854
GB105035046060,node_8637-to-node_8638,60.37250301,1.134906369,0.045568144,-0.21940971,0.150921876
GB104028058140,node_7169-to-node_7163,50.05912639,0.441240656,0.045568217,0.356423631,0.471790259
GB106039017320,node_12408-to-node_12397,54.53326473,2.975657658,0.046518929,0.147941378,0.570892895
GB104027063460,node_4154-to-node_4151,64.26205373,1.201973121,0.056048275,-0.173500184,0.277679473
GB104027063742,node_3863-to-node_3756,56.87409409,3.315199856,0.058854557,-0.178927312,0.233763686
GB104027068294,node_5044-to-node_5218,57.8800889,4.541359668,0.064228179,-0.049123333,0.461855994
GB105037033950,node_12366-to-node_12367,60.13223908,1.444866686,0.069234072,-0.021430603,0.349891167
GB108046008470,node_11145-to-node_4062,59.40629849,2.69587316,0.069850857,0.050651325,0.652954349
GB105037033890,node_11805-to-node_9123,63.44437868,0.704944866,0.078634156,-0.148108114,0.304526957
GB105031050440,node_6683-to-node_6681,62.0317857,0.72910645,0.079869765,-0.028673566,0.350093905
GB106037033481,node_9869-to-node_9873,59.25036608,1.0901993,0.083321521,-0.142515794,0.279256237
GB104027062960,node_3357-to-node_2876,56.24680367,1.379745677,0.083364555,-0.050564079,0.402085626
GB105036040910,node_8924-to-node_8925,58.34575558,0.350030879,0.085460871,-0.133590299,0.257730903
GB105037077810,node_12426-to-node_12427,31.04176904,1.500169648,0.091501041,-0.075910177,0.206229723
GB106039022960,node_7531-to-node_5539,54.61031852,1.246838807,0.09359246,0.152092938,0.454143781
GB106037033500,node_9879-to-node_9877,59.86434823,1.214987467,0.096564984,-0.104561769,0.293994951
GB109057027190,node_18815-to-node_18712,54.62802513,3.046774983,0.110650908,0.002062509,0.550008613
GB107041017970,node_6963-to-node_6964,53.5693875,3.265710631,0.113545502,-0.08508668,0.316384077
GB108047004010,node_13096-to-node_7235,51.94678678,1.881346803,0.113743931,0.075706033,0.549244187
GB103022077052,node_1999-to-node_113,58.60895172,4.511428804,0.114541258,-0.074979749,0.354953936
GB105036040990,node_9054-to-node_9050,54.89137605,0.419275454,0.116549168,-0.02982353,0.313547696
GB105033043070,node_6337-to-node_6204,55.36005223,0.723763677,0.118794523,0.105031825,0.398073201
GB105037033940,node_12796-to-node_12795,57.6039979,0.78015203,0.119302967,-0.063517336,0.334526992
GB104028053010,node_3831-to-node_3832,50.6530537,0.65813282,0.121138219,0.107596246,0.427868349
GB109054049190,node_16312-to-node_16316,55.71595315,2.2392751,0.127379881,0.081011112,0.406951368
GB107041012610,node_11903-to-node_11904,53.25233984,0.90446565,0.130332747,-0.062014767,0.358935646
GB102076070940,node_2212-to-node_1951,47.52944937,1.833123322,0.132954612,0.001701586,0.396162619
GB106038033392,node_12129-to-node_12130,-21.47251202,0.649552501,0.134109173,0.563754019,0.559824165
GB104028053460,node_2688-to-node_2689,51.19890421,1.10642207,0.135380871,0.153721625,0.681989841
GB106039029880,node_3689-to-node_3690,55.00185045,3.58237343,0.137629977,0.177291663,0.522281987
GB105033037830,node_6246-to-node_5502,52.05846565,0.464399232,0.141019874,-0.040428765,0.320012682
GB109054050210,node_15442-to-node_15443,56.68563139,0.254808273,0.143457685,-0.01905133,0.33413544
GB109054039540,node_14664-to-node_14665,49.25667937,1.370508081,0.143973399,-0.025360395,0.258164659
GB105036040710,node_7653-to-node_7654,48.2551211,0.395689365,0.14869097,-0.013624857,0.292629835
GB105037041330,node_12375-to-node_12154,51.18016951,1.430733043,0.152143132,0.051732141,0.365373389
GB105034051230,node_8781-to-node_8782,50.87735617,0.86236612,0.154832168,0.107510283,0.404592446
GB109054050030,node_14020-to-node_14021,54.63832869,1.539773031,0.154876374,0.147581643,0.584258157
GB107042022620,node_10586-to-node_10585,9.917297759,0.350505642,0.160798029,0.447539866,0.67007769
GB105030056770,node_6852-to-node_6833,38.88377686,0.898762305,0.162790572,0.00544093,0.233760763
GB106039017020,node_5388-to-node_5386,44.01117425,0.62058803,0.168554005,0.303304285,0.469494765
GB105032045230,node_8498-to-node_8499,48.76288296,0.843081685,0.172984027,0.023978243,0.301635136
GB109054044560,node_16102-to-node_16103,41.79316521,0.787012254,0.175474103,0.028658774,0.268775837
GB109054050190,node_15438-to-node_15439,43.3964631,0.513764043,0.175556579,0.144076062,0.303192608
GB106037028100,node_12261-to-node_12266,68.13723048,0.506402076,0.181785738,-0.005545497,0.533741542
GB103025072430,node_2778-to-node_1638,42.27901269,0.756948078,0.183218007,0.103032911,0.274679579
GB105030062415,node_8085-to-node_8086,32.11289798,0.176164892,0.183426308,0.185757753,0.239658717
GB104028046841,node_3387-to-node_3388,37.3764313,4.572503534,0.183734422,0.119291432,0.540875478
GB106039023200,node_7765-to-node_7766,-61.75589733,0.316255056,0.184154032,0.314924197,0.548656171
GB105036040950,node_8951-to-node_8952,44.4847894,0.390457573,0.185679105,0.06051713,0.413364555
GB104027062891,node_5290-to-node_5287,48.51013675,1.515841616,0.188723349,0.108957437,0.582507111
GB104027068440,node_2586-to-node_2587,32.36585079,2.569363716,0.193939626,0.097618848,0.291089204
GB106040018390,node_3633-to-node_3634,46.97389276,1.394311041,0.194056766,0.046008698,0.408213995
GB104027063301,node_3326-to-node_3327,43.02164652,2.832250538,0.198223258,0.08699251,0.522970082
GB104028053370,node_3427-to-node_3425,-40.10113154,0.24051219,0.199786812,0.480716891,0.521988187
GB103022076790,node_594-to-node_595,24.01923508,0.957401777,0.207607089,0.104162713,0.32762073
GB108052015481,node_11680-to-node_11681,49.14061608,3.285013402,0.209375234,0.11479043,0.579664766
GB104029061850,node_6250-to-node_6251,13.80934879,0.222563295,0.21245089,0.361205864,0.240782419
GB105033037930,node_14086-to-node_14087,34.67754028,0.863428812,0.212819989,0.083690028,0.310466659
GB104027057440,node_2790-to-node_2788,-12.06024099,0.845704596,0.217259499,0.133566906,0.277563989
GB104027069350,node_3452-to-node_3453,19.80510497,0.879005295,0.219618042,0.124859924,0.343137172
GB106038033380,node_12125-to-node_12124,44.01857246,0.424210559,0.222497,0.102963348,0.363884263
GB108047008010,node_7873-to-node_7872,41.93672878,2.42624961,0.227063383,0.137885819,0.501859544
GB104027064140,node_5231-to-node_2098,41.91242032,2.336248871,0.227597626,0.104212832,0.430956058
GB106040018430,node_13226-to-node_13222,27.05967264,0.328906186,0.229540179,0.602917107,0.626402122
GB104027063330,node_5831-to-node_5829,39.93335783,1.922122489,0.234258102,0.119251831,0.518685106
GB105037041140,node_13112-to-node_13110,40.1831048,0.387399703,0.237089405,0.25116489,0.418472991
GB103024077430,node_1266-to-node_1267,-5.16978614,1.110386774,0.244276212,0.162154911,0.338329988
GB108044010080,node_10917-to-node_10798,50.512002,1.946035953,0.248422811,0.280402667,0.74626715
GB109052021520,node_10832-to-node_10830,43.20862965,0.442904419,0.248534675,0.288751106,0.511083636
GB105036040920,node_8930-to-node_8931,41.27086065,0.296197253,0.248983303,0.174584783,0.386107283
GB106040018160,node_13200-to-node_8666,38.48008412,3.098307168,0.251862697,0.106705829,0.449204736
GB108043022450,node_9081-to-node_9077,42.31281253,0.534328975,0.253404672,0.220347919,0.477311694
GB105036040770,node_7517-to-node_7518,7.235425535,0.290963716,0.258077272,0.215088265,0.28484212
GB109053027730,node_14017-to-node_14018,26.23565766,0.536224467,0.259051447,0.168359476,0.337251344
GB112069061360,node_13960-to-node_13958,39.15722777,0.87320054,0.261724554,0.196043705,0.545047242
GB107041012950,node_7404-to-node_7405,-12.61343476,0.30791125,0.262952413,0.187574655,0.327229405
GB107041017990,node_7198-to-node_7199,11.84260861,1.319195852,0.265877139,0.191719545,0.334710872
GB107042022770,node_10655-to-node_10652,15.93543458,0.549033174,0.266931756,0.516134903,0.689170615
GB112072065800,node_15271-to-node_15270,6.335335624,1.238719258,0.268107361,0.192977245,0.351350322
GB108052015140,node_11746-to-node_11745,35.85602156,1.199182481,0.268142101,0.178876647,0.365673391
GB105031050480,node_2388-to-node_2389,-7.268509117,0.350016791,0.272035837,0.288495265,0.275431107
GB109054044180,node_641-to-node_640,38.05416193,0.451477611,0.272576203,0.207130132,0.37765244
GB106039023280,node_6661-to-node_6662,19.43684222,0.10473553,0.277733677,0.260749225,0.297574483
GB112073071130,node_15573-to-node_15574,12.948191,2.092064531,0.278329883,0.189639674,0.424672638
GB105037033900,node_12177-to-node_12178,31.05265762,1.195553412,0.280347007,0.19079027,0.384842018
GB106038033360,node_12753-to-node_12118,38.48542896,0.680420782,0.280510503,0.188431428,0.398424848
GB112069061152,node_12845-to-node_12842,41.01324946,0.912672568,0.280572599,0.169743224,0.516307687
GB106037028181,node_9684-to-node_8047,34.50542656,2.523451683,0.282953761,0.193114541,0.380821295
GB108050008160,node_8600-to-node_8601,21.08743745,0.71089121,0.283168135,0.197800642,0.392655721
GB106038033190,node_10682-to-node_10683,24.77029272,0.402898435,0.289492782,0.182743382,0.409509923
GB107041012450,node_12631-to-node_12632,-94.7855698,0.300520773,0.290605694,-0.104116212,0.445209028
GB107041012570,node_12001-to-node_12002,21.57616087,0.922854295,0.293020224,0.200637172,0.39428038
GB105037028550,node_9117-to-node_3622,-65.4798742,0.769582282,0.293403797,0.066125175,0.383181449
GB108052015220,node_11770-to-node_11764,37.8041186,1.666288328,0.29610215,0.204733742,0.465404811
GB106039030331,node_10287-to-node_9471,44.35525673,32.91115143,0.296460143,0.270971062,0.526619398
GB107041012730,node_11349-to-node_11347,10.73442663,0.786862816,0.304845998,0.234015394,0.380876838
GB106038040120,node_12748-to-node_12749,-1.544440148,0.255441279,0.306515866,0.289358739,0.324965476
GB105031045600,node_8141-to-node_8142,13.62800941,0.115898125,0.308213876,0.359839808,0.316850488
GB105030051570,node_6507-to-node_6508,14.88085106,0.276377123,0.309712349,0.383129942,0.318251749
GB109054055080,node_14234-to-node_14235,8.449173873,0.259958813,0.311745743,0.38731408,0.315441764
GB106039030300,node_8231-to-node_8230,36.24768468,0.745277036,0.312338843,0.327642022,0.421468511
GB107041018000,node_7200-to-node_7201,2.57133871,0.300342786,0.314041871,0.446008891,0.322052488
GB109054039631,node_14746-to-node_14747,33.68034554,1.036196972,0.314787084,0.225884778,0.419933576
GB106039023030,node_6135-to-node_6136,-20.16763387,0.579564172,0.315402109,0.625795999,0.506093973
GB104028053301,node_3052-to-node_3053,30.21660547,0.697302872,0.316320084,0.21817278,0.494344587
GB107041012380,node_12613-to-node_12611,13.35321968,0.852063101,0.320574037,0.241934992,0.412710308
GB110102058790,node_17253-to-node_17254,5.568012899,0.626419199,0.321557899,0.262797321,0.385433621
GB107042016620,node_6410-to-node_6406,-65.7226784,0.217571812,0.324630838,0.255516339,0.598436013
GB105033042700,node_7412-to-node_7411,20.96550568,0.1598967,0.325682535,0.535354349,0.401755579
GB104028052900,node_4131-to-node_4128,-30.51178792,0.869330421,0.330948572,0.328451377,0.381352853
GB104026066660,node_3027-to-node_3018,44.22859989,0.166866793,0.335458346,0.491783206,0.697451048
GB106039030040,node_9227-to-node_9228,34.68837074,0.617372618,0.335675877,0.422700894,0.458136641
GB104027068260,node_5017-to-node_5014,27.53918402,0.99621045,0.335890901,0.313603808,0.436549113
GB110065053700,node_18790-to-node_18791,20.22235853,0.623089305,0.338884264,0.263254417,0.470238382
GB107040013570,node_12702-to-node_12703,-11.38379196,0.599173794,0.339829565,0.30713724,0.371658848
GB107041012830,node_12339-to-node_12338,10.24561196,1.031719495,0.34349744,0.29057912,0.398699908
GB107041012110,node_13267-to-node_13268,-3.7514967,0.450421825,0.346338831,0.318406826,0.377241372
GB108043015740,node_9422-to-node_9421,-3.809859268,0.325708118,0.353698634,0.407353735,0.354978417
GB108051020250,node_12500-to-node_12499,43.50003195,0.96616399,0.354541628,0.254945851,0.652943662
GB112072065900,node_15342-to-node_15343,-0.791557029,0.910102831,0.3546071,0.296735495,0.421693175
GB109053027780,node_14196-to-node_13805,37.01862379,0.827708756,0.358929384,0.252545107,0.532990708
GB112069064580,node_13646-to-node_13642,-45.70720874,1.116421312,0.360100862,0.259114548,0.480236941
GB103023075670,node_776-to-node_777,20.59175311,0.535365574,0.36393701,0.583748405,0.455134334
GB106039017340,node_12403-to-node_12392,39.42754822,1.466798933,0.368216861,0.252924764,0.574247388
GB105034051000,node_10980-to-node_10981,20.98300527,0.316960893,0.368255765,0.485089526,0.416385148
GB106038027960,node_8117-to-node_8118,-67.00386727,0.217273438,0.369172087,0.286649423,0.572362482
GB106039017810,node_14642-to-node_14643,7.098769328,1.491902233,0.376590408,0.361437115,0.401518479
GB104028052700,node_4919-to-node_4915,-30.37063759,0.401599805,0.379868666,0.468245836,0.441040767
GB107101006220,node_9207-to-node_9208,19.43835906,0.256011109,0.381062839,0.432002863,0.401925062
GB109055029690,node_13462-to-node_13458,45.60993333,0.89324195,0.381709642,0.260416611,0.69375761
GB107041012840,node_12340-to-node_12341,-31.12192214,0.753309062,0.387183941,0.401017389,0.42404782
GB112069061320,node_14282-to-node_14281,30.18910514,0.942146661,0.389952379,0.349300637,0.591978742
GB112073071400,node_16363-to-node_16359,6.415412029,0.843130479,0.392048945,0.336798832,0.461180662
GB106038033290,node_12910-to-node_12097,1.147783814,0.407072463,0.392422196,0.402635837,0.404431431
GB109053027510,node_7463-to-node_7461,21.28077381,0.691415027,0.393507516,0.315834399,0.485387555
GB106039030480,node_9843-to-node_9838,25.48575493,0.325796792,0.404752351,0.662446597,0.711382115
GB106037028130,node_12267-to-node_12268,2.19875378,0.401849166,0.405667784,0.398011825,0.426894949
GB105031050720,node_6110-to-node_6111,18.41977141,1.431744801,0.408886343,0.38671441,0.437748622
GB108045009200,node_12048-to-node_12049,10.50590389,0.470773967,0.412472832,0.415714562,0.433250235
GB106038040090,node_12905-to-node_12906,-14.4356912,0.109718288,0.4192841,0.489477547,0.425373663
GB105033037810,node_6238-to-node_6239,7.181526877,0.274859246,0.419488228,0.472994107,0.423279205
GB108047007850,node_13302-to-node_13303,23.98213459,0.737420178,0.420583094,0.331313476,0.699551434
GB108049007030,node_8797-to-node_8796,-26.64280578,0.654978057,0.421326883,0.461565515,0.483457707
GB106038033310,node_12913-to-node_12104,25.6051144,0.40005257,0.435781239,0.552162085,0.511146476
GB106038033180,node_10681-to-node_10677,-30.9564375,0.319927325,0.438407558,0.394073742,0.466246495
GB107040019660,node_11961-to-node_11958,33.16509335,0.659870932,0.440425006,0.349658888,0.572220823
GB109052021690,node_12767-to-node_12768,12.60112701,0.302147829,0.443976682,0.381781587,0.521008776
GB108047003890,node_11479-to-node_11477,20.52486952,0.860728382,0.448612459,0.367937715,0.575160794
GB105033043020,node_6946-to-node_6947,7.518576302,0.230775206,0.449006049,0.550657728,0.452554701
GB104027062710,node_4864-to-node_4861,-32.44794024,0.521884242,0.45167375,0.420213926,0.49481383
GB104027062680,node_5269-to-node_5270,-46.78398987,0.167989523,0.45376122,0.466440299,0.591006068
GB106040018240,node_8529-to-node_8530,12.64966915,0.398673589,0.45511911,0.391735343,0.524916949
GB107101005990,node_8396-to-node_8397,11.17598177,0.282406609,0.464083354,0.636211997,0.491205705
GB104028042420,node_3377-to-node_3378,20.4948624,1.074558717,0.465728374,0.403574378,0.53234127
GB108049000300,node_8476-to-node_8477,28.21359565,0.172820846,0.471405537,0.412983008,0.586255425
GB106040024221,node_11563-to-node_11564,-6.840641035,0.926864831,0.472611011,0.478619497,0.488750335
GB104029062100,node_7793-to-node_20483,27.54624091,0.213809273,0.477598497,0.594869772,0.56493315
GB108052021370,node_11679-to-node_11680,-37.07039722,0.892500384,0.47970517,0.498767984,0.56410257
GB112069060980,node_13814-to-node_13815,19.58452724,0.346701765,0.482556277,0.44816992,0.573939096
GB108048001140,node_7966-to-node_7964,-42.95586286,0.385321805,0.483420981,0.514246082,0.663848726
GB107042016360,node_8155-to-node_6165,-23.76656672,0.760414984,0.491127063,0.474718281,0.5188928
GB109055036950,node_20202-to-node_18797,10.58900461,2.198475279,0.50062067,0.424603474,0.584460302
GB112070064780,node_14777-to-node_14770,-3.740026681,0.951789113,0.501208867,0.529037183,0.510175932
GB108047007960,node_8073-to-node_8069,3.375290513,0.733558707,0.515383509,0.469562661,0.563606693
GB106039022940,node_5533-to-node_5534,-34.80839279,0.165674825,0.522417023,0.573140016,0.580858165
GB108050014140,node_9063-to-node_9061,2.698410693,1.195934895,0.524696156,0.51279204,0.548585974
GB106039022980,node_5547-to-node_5548,-32.93035006,0.377736855,0.534788447,0.490519051,0.578934101
GB108048002340,node_9006-to-node_9002,18.11061581,0.292927116,0.542222739,0.447524402,0.655116252
GB109052021640,node_11788-to-node_11789,9.608173187,0.626990036,0.543643072,0.508135847,0.584625905
GB108052015510,node_13021-to-node_13017,-26.7425635,0.357886572,0.546604614,0.660793368,0.636357308
GB108043015830,node_10860-to-node_8084,25.40955741,0.931524397,0.547165142,0.530671577,0.628027775
GB106039023590,node_5543-to-node_5544,16.93455425,0.944477866,0.554238543,0.525188919,0.585245946
GB108048001171,node_7981-to-node_7978,-26.22478157,0.271350759,0.562125953,0.670295443,0.666282407
GB109054044750,node_15466-to-node_15467,-4.254617376,0.625318778,0.573010744,0.659698051,0.574540375
GB107042022650,node_10594-to-node_10593,-2.142341883,0.246464427,0.588281432,0.781947368,0.618862716
GB106039023180,node_7756-to-node_7757,-26.0320593,0.269967245,0.599831799,0.687394121,0.697607747
GB106039017440,node_11594-to-node_11595,14.50825273,0.477971554,0.605369885,0.682308062,0.669529702
GB108049000700,node_8188-to-node_8189,-5.24970012,0.229667933,0.612328052,0.631484964,0.621657876
GB106039022970,node_5545-to-node_5542,3.503530616,0.223362517,0.620375174,0.663570183,0.623460981
GB108043011020,node_9222-to-node_9223,-8.46415866,0.101034561,0.630451721,0.736826388,0.637947177
GB108048002320,node_8994-to-node_8992,-13.06593625,0.588744867,0.640144969,0.706118041,0.662217768
GB106039023171,node_7086-to-node_7087,-21.56664298,0.570296044,0.674159988,0.742525086,0.744794048
GB108048002280,node_8976-to-node_8971,6.534167991,0.351471187,0.689831466,0.724595749,0.699765217
